,Chlorophyta,Cryptomycota,Dinoflagellata,Ochrophyta,Phragmoplastophyta,Diatomea,Ascomycota,Chytridiomycota,Ciliophora,Others
Warm-Dry,23.60900689,6.084197069,7.077181693,9.252929519,11.40729595,9.765608085,7.147864129,1.160502122,2.578550124,21.91686442
Warm-Wet,24.01809536,28.51569635,8.925614893,6.13936982,1.979513498,2.319295318,4.059877683,8.527802011,3.796259268,11.71847579
